model,condition,family,snr_db,n_utterances,ref_words,wer,substitution_rate,insertion_rate,deletion_rate,length_ratio,mean_cer
e_branchformer,babble_-10db,babble,-10.0,100,2357,1.7895630038184132,0.8756894357233772,0.9109036911327959,0.002969876962240136,1.9079338141705557,1.1131127485681696
e_branchformer,babble_-5db,babble,-5.0,100,2357,1.756470089096309,0.8396266440390326,0.9151463725074247,0.0016970725498515061,1.9134492999575732,1.0795343817306877
e_branchformer,babble_0db,babble,0.0,100,2357,1.4437844717861688,0.6822231650403054,0.7568943572337717,0.004666949512091642,1.7522274077216802,0.9212301859536141
e_branchformer,babble_20db,babble,20.0,100,2357,0.10861264319049639,0.03945693678404752,0.06024607551972847,0.008909630886720407,1.051336444633008,0.08273008250319108
e_branchformer,cellphone_in_crowd_-5db,cellphone_in_crowd,-5.0,100,2357,1.364022061943148,0.872719558761137,0.474331777683496,0.01697072549851506,1.457361052184981,0.8928039061111965
e_branchformer,clean,clean,,100,2357,0.08867204072974119,0.040729741196436145,0.03988120492151039,0.008061094611794654,1.0318201103097158,0.06309658617343233
e_branchformer,codec_opus_6k,codec_opus_6k,,100,2357,0.10776410691557065,0.0560033941450997,0.04327535002121341,0.00848536274925753,1.034789987271956,0.08139992285520173
e_branchformer,far_field_surveillance_-5db,far_field_surveillance,-5.0,100,2357,1.7725922783198982,0.8646584641493423,0.9019940602460755,0.005939753924480272,1.8960543063215953,1.1035715878049297
e_branchformer,noise_-10db,noise,-10.0,100,2357,0.4917267713194739,0.2804412388629614,0.07212558336868902,0.1391599490878235,0.9329656342808655,0.38385156418260274
e_branchformer,noise_-5db,noise,-5.0,100,2357,0.3385659736953755,0.22189223589308443,0.07424692405600339,0.04242681374628765,1.0318201103097158,0.25185235596753197
e_branchformer,noise_0db,noise,0.0,100,2357,0.18370810352142555,0.106491302503182,0.061094611794654224,0.01612218922358931,1.0449724225710648,0.12673705302322064
e_branchformer,noise_20db,noise,20.0,100,2357,0.0903691132795927,0.041154009333899025,0.0415782774713619,0.007636826474331778,1.0339414509970302,0.06274000110997027
e_branchformer,packet_loss_30pct,packet_loss_30pct,,100,2357,0.11455239711497667,0.0615188799321171,0.04412388629613916,0.008909630886720407,1.0352142554094188,0.07974012725798192
e_branchformer,reverb,reverb,,100,2357,0.10352142554094187,0.054306321595248196,0.04030547305897327,0.008909630886720407,1.0313958421722529,0.0711062711397009
e_branchformer,telephone,telephone,,100,2357,0.08952057700466695,0.04030547305897327,0.040729741196436145,0.00848536274925753,1.0322443784471786,0.06438186779193669
e_branchformer,walkie_talkie_0db,walkie_talkie,0.0,100,2357,0.23207467119219347,0.13661434026304625,0.07636826474331777,0.019092066185829443,1.0572761985574883,0.15116495638559482
e_branchformer-clean-ft,babble_-10db,babble,-10.0,100,2357,1.756470089096309,0.8786593126856173,0.8748408994484514,0.002969876962240136,1.8718710224862112,1.0895152229949436
e_branchformer-clean-ft,babble_-5db,babble,-5.0,100,2357,1.7212558336868902,0.8527789563003818,0.8629613915994909,0.005515485787017395,1.8574459058124735,1.0614846001012304
e_branchformer-clean-ft,babble_0db,babble,0.0,100,2357,1.446330080610946,0.6847687738650827,0.7539244802715316,0.007636826474331778,1.7462876537971999,0.9017919160459053
e_branchformer-clean-ft,babble_20db,babble,20.0,100,2357,0.12431056427662282,0.05388205345778532,0.06236741620704285,0.008061094611794654,1.0543063215952482,0.09028559826970656
e_branchformer-clean-ft,cellphone_in_crowd_-5db,cellphone_in_crowd,-5.0,100,2357,1.299109036911328,0.8748408994484514,0.40602460755197284,0.01824352991090369,1.387781077641069,0.8496120965016698
e_branchformer-clean-ft,clean,clean,,100,2357,0.0992787441663131,0.04624522698345354,0.04369961815867628,0.009333899024183284,1.034365719134493,0.06841231690531974
e_branchformer-clean-ft,codec_opus_6k,codec_opus_6k,,100,2357,0.1192193466270683,0.06321595248196861,0.04666949512091642,0.009333899024183284,1.0373355960967332,0.089825465511991
e_branchformer-clean-ft,far_field_surveillance_-5db,far_field_surveillance,-5.0,100,2357,1.7356809503606279,0.8638099278744167,0.8672040729741196,0.004666949512091642,1.862537123462028,1.085584171206939
e_branchformer-clean-ft,noise_-10db,noise,-10.0,100,2357,0.508273228680526,0.27916843445057277,0.08061094611794654,0.14849384811200678,0.9321170980059398,0.39060414831286044
e_branchformer-clean-ft,noise_-5db,noise,-5.0,100,2357,0.3466270683071701,0.2223165040305473,0.07424692405600339,0.05006364022061943,1.024183283835384,0.254716330384519
e_branchformer-clean-ft,noise_0db,noise,0.0,100,2357,0.1951633432329232,0.1103097157403479,0.06915570640644887,0.015697921086126432,1.0534577853203224,0.1322574827170573
e_branchformer-clean-ft,noise_20db,noise,20.0,100,2357,0.09885447602885024,0.044972422571064916,0.044972422571064916,0.008909630886720407,1.0360627916843446,0.06778969721406752
e_branchformer-clean-ft,packet_loss_30pct,packet_loss_30pct,,100,2357,0.13152312261349172,0.068731438268986,0.05388205345778532,0.008909630886720407,1.0449724225710648,0.0856800067174806
e_branchformer-clean-ft,reverb,reverb,,100,2357,0.11158252015273654,0.05854900296987696,0.041154009333899025,0.011879507848960543,1.0292745014849385,0.07612631415180161
e_branchformer-clean-ft,telephone,telephone,,100,2357,0.09800593975392448,0.044548154433602036,0.04412388629613916,0.009333899024183284,1.034789987271956,0.06760664059177145
e_branchformer-clean-ft,walkie_talkie_0db,walkie_talkie,0.0,100,2357,0.2456512515910055,0.14806957997454392,0.07254985150615188,0.025031820110309716,1.047518031395842,0.16308019499447418
e_branchformer-mct-ft,babble_-10db,babble,-10.0,100,2357,1.0661858294442088,0.8404751803139584,0.15231226134917267,0.07339838778107764,1.078913873568095,0.7781255608510054
e_branchformer-mct-ft,babble_-5db,babble,-5.0,100,2357,1.0012728044123886,0.7475604582095885,0.1989817564700891,0.054730589732711075,1.144251166737378,0.7018469426715302
e_branchformer-mct-ft,babble_0db,babble,0.0,100,2357,0.59439966058549,0.3635977938056852,0.21086126431904964,0.019940602460755196,1.1909206618582944,0.39281344597590995
e_branchformer-mct-ft,babble_20db,babble,20.0,100,2357,0.09843020789138736,0.04624522698345354,0.04369961815867628,0.00848536274925753,1.0352142554094188,0.06667254475798545
e_branchformer-mct-ft,cellphone_in_crowd_-5db,cellphone_in_crowd,-5.0,100,2357,1.0449724225710648,0.824777259227832,0.13703860840050913,0.0831565549427238,1.0538820534577853,0.7825269191530492
e_branchformer-mct-ft,clean,clean,,100,2357,0.09970301230377598,0.04582095884599067,0.044548154433602036,0.009333899024183284,1.0352142554094188,0.07140602532939835
e_branchformer-mct-ft,codec_opus_6k,codec_opus_6k,,100,2357,0.11837081035214256,0.06024607551972847,0.04794229953330505,0.010182435299109036,1.037759864234196,0.08826389292028747
e_branchformer-mct-ft,far_field_surveillance_-5db,far_field_surveillance,-5.0,100,2357,1.0738226559185404,0.8273228680526092,0.18370810352142555,0.06279168434450573,1.1209164191769199,0.7320398896357344
e_branchformer-mct-ft,noise_-10db,noise,-10.0,100,2357,0.45905812473483243,0.28935086974968177,0.14128128977513787,0.028425965210012727,1.1128553245651251,0.3398104738151783
e_branchformer-mct-ft,noise_-5db,noise,-5.0,100,2357,0.27407721680101826,0.16673737802291047,0.09249045396690708,0.014849384811200678,1.0776410691557063,0.1912177419915554
e_branchformer-mct-ft,noise_0db,noise,0.0,100,2357,0.15697921086126432,0.08570216376750106,0.0615188799321171,0.00975816716164616,1.051760712770471,0.10594488581916618
e_branchformer-mct-ft,noise_20db,noise,20.0,100,2357,0.09970301230377598,0.044548154433602036,0.04582095884599067,0.009333899024183284,1.0364870598218074,0.06899482472242116
e_branchformer-mct-ft,packet_loss_30pct,packet_loss_30pct,,100,2357,0.11540093338990241,0.05345778532032244,0.05388205345778532,0.008061094611794654,1.0458209588459906,0.07922098474416855
e_branchformer-mct-ft,reverb,reverb,,100,2357,0.11073398387781078,0.05515485787017395,0.04539669070852779,0.010182435299109036,1.0352142554094188,0.08086115101257693
e_branchformer-mct-ft,telephone,telephone,,100,2357,0.09673313534153585,0.044548154433602036,0.04369961815867628,0.00848536274925753,1.0352142554094188,0.06823305905303288
e_branchformer-mct-ft,walkie_talkie_0db,walkie_talkie,0.0,100,2357,0.21764955451845566,0.12728044123886295,0.07721680101824353,0.013152312261349173,1.0640644887568944,0.15181867241639393
wav2vec2-large,babble_-10db,babble,-10.0,100,2357,1.4136614340263047,0.9482392872295291,0.4607551972846839,0.004666949512091642,1.4560882477725923,0.9740497609395569
wav2vec2-large,babble_-5db,babble,-5.0,100,2357,1.3589308442935935,0.9066610097581672,0.44717861688587185,0.005091217649554518,1.4420873992363175,0.9395109511159654
wav2vec2-large,babble_0db,babble,0.0,100,2357,1.0059397539244803,0.6588884174798473,0.3292320746711922,0.017819261773440814,1.3114128128977514,0.700594087822127
wav2vec2-large,babble_20db,babble,20.0,100,2357,0.030547305897327112,0.024183283835383963,0.002969876962240136,0.0033941450997030122,0.9995757318625371,0.014661297399296818
wav2vec2-large,cellphone_in_crowd_-5db,cellphone_in_crowd,-5.0,100,2357,1.1378871446754348,0.9185405176071277,0.16758591429783623,0.05176071277047094,1.1158252015273653,0.8201141574650062
wav2vec2-large,clean,clean,,100,2357,0.02333474756045821,0.019940602460755196,0.0012728044123886295,0.0021213406873143827,0.9991514637250742,0.010365238463909068
wav2vec2-large,codec_opus_6k,codec_opus_6k,,100,2357,0.04624522698345354,0.037335596096733134,0.003818413237165889,0.005091217649554518,0.9987271955876114,0.026577569976655075
wav2vec2-large,far_field_surveillance_-5db,far_field_surveillance,-5.0,100,2357,1.4217225286380992,0.93805685193042,0.4819686041578278,0.0016970725498515061,1.4802715316079762,0.9897478710814256
wav2vec2-large,noise_-10db,noise,-10.0,100,2357,0.5057276198557489,0.25583368689011454,0.011455239711497667,0.2384386932541366,0.7730165464573611,0.3727298572458065
wav2vec2-large,noise_-5db,noise,-5.0,100,2357,0.3419601187950785,0.22358930844293592,0.014849384811200678,0.10352142554094187,0.9113279592702588,0.21772617797517327
wav2vec2-large,noise_0db,noise,0.0,100,2357,0.18498090793381416,0.14382689859991515,0.008061094611794654,0.03309291472210437,0.9749681798896903,0.09659281160640205
wav2vec2-large,noise_20db,noise,20.0,100,2357,0.02460755197284684,0.020364870598218072,0.0016970725498515061,0.002545608824777259,0.9991514637250742,0.012570264942663499
wav2vec2-large,packet_loss_30pct,packet_loss_30pct,,100,2357,0.03648705982180738,0.028850233347475603,0.0033941450997030122,0.004242681374628765,0.9991514637250742,0.016872522376541785
wav2vec2-large,reverb,reverb,,100,2357,0.03691132795927026,0.030547305897327112,0.0012728044123886295,0.005091217649554518,0.9961815867628341,0.017606976609320982
wav2vec2-large,telephone,telephone,,100,2357,0.02672889266016122,0.021213406873143825,0.0016970725498515061,0.003818413237165889,0.9978786593126856,0.012595573425755928
wav2vec2-large,walkie_talkie_0db,walkie_talkie,0.0,100,2357,0.23207467119219347,0.18031395842172254,0.009333899024183284,0.04242681374628765,0.9669070852778956,0.1254203113836744
wav2vec2-large-clean-ft,babble_-10db,babble,-10.0,100,2357,1.652524395417904,0.9164191769198133,0.731862537123462,0.004242681374628765,1.7276198557488334,1.2290723769464658
wav2vec2-large-clean-ft,babble_-5db,babble,-5.0,100,2357,1.6041578277471362,0.8896902842596521,0.7123462028001697,0.0021213406873143827,1.7102248621128553,1.169957930951206
wav2vec2-large-clean-ft,babble_0db,babble,0.0,100,2357,1.316079762409843,0.7165888841747985,0.5918540517607128,0.007636826474331778,1.584217225286381,0.9635882568225296
wav2vec2-large-clean-ft,babble_20db,babble,20.0,100,2357,0.028850233347475603,0.023759015697921087,0.002969876962240136,0.0021213406873143827,1.0008485362749258,0.011970992563995683
wav2vec2-large-clean-ft,cellphone_in_crowd_-5db,cellphone_in_crowd,-5.0,100,2357,1.49851506151888,0.9215103945693678,0.5714891811624947,0.005515485787017395,1.5659736953754773,1.080145313724948
wav2vec2-large-clean-ft,clean,clean,,100,2357,0.026304624522698345,0.021637675010606705,0.0021213406873143827,0.002545608824777259,0.9995757318625371,0.009485498948572132
wav2vec2-large-clean-ft,codec_opus_6k,codec_opus_6k,,100,2357,0.04327535002121341,0.03648705982180738,0.003818413237165889,0.002969876962240136,1.0008485362749258,0.0299171007296976
wav2vec2-large-clean-ft,far_field_surveillance_-5db,far_field_surveillance,-5.0,100,2357,1.6406448875689437,0.9117522274077217,0.7271955876113704,0.0016970725498515061,1.725498515061519,1.2086670379162348
wav2vec2-large-clean-ft,noise_-10db,noise,-10.0,100,2357,0.5269410267288926,0.353839626644039,0.04327535002121341,0.12982605006364023,0.9134492999575732,0.3938204505006938
wav2vec2-large-clean-ft,noise_-5db,noise,-5.0,100,2357,0.3534153585065762,0.2732286805260925,0.030547305897327112,0.04963937208315655,0.9809079338141705,0.22699909025215792
wav2vec2-large-clean-ft,noise_0db,noise,0.0,100,2357,0.1934662706830717,0.14340263046245227,0.025456088247772592,0.02460755197284684,1.0008485362749258,0.10275766334485212
wav2vec2-large-clean-ft,noise_20db,noise,20.0,100,2357,0.028425965210012727,0.023759015697921087,0.0021213406873143827,0.002545608824777259,0.9995757318625371,0.01408639352555854
wav2vec2-large-clean-ft,packet_loss_30pct,packet_loss_30pct,,100,2357,0.035214255409418756,0.02800169707254985,0.0033941450997030122,0.003818413237165889,0.9995757318625371,0.016817680892032737
wav2vec2-large-clean-ft,reverb,reverb,,100,2357,0.041154009333899025,0.035214255409418756,0.0033941450997030122,0.002545608824777259,1.0008485362749258,0.021365595648574553
wav2vec2-large-clean-ft,telephone,telephone,,100,2357,0.026304624522698345,0.02206194314806958,0.0016970725498515061,0.002545608824777259,0.9991514637250742,0.012473570003352513
wav2vec2-large-clean-ft,walkie_talkie_0db,walkie_talkie,0.0,100,2357,0.237165888841748,0.1934662706830717,0.024183283835383963,0.01951633432329232,1.0046669495120917,0.14103793785501806
wav2vec2-large-mct-ft,babble_-10db,babble,-10.0,100,2357,1.078913873568095,0.8896902842596521,0.1230377598642342,0.06618582944420874,1.0568519304200255,0.8202480453476767
wav2vec2-large-mct-ft,babble_-5db,babble,-5.0,100,2357,0.9461179465422147,0.7407721680101824,0.14552397114976665,0.05982180738226559,1.085702163767501,0.686721680192984
wav2vec2-large-mct-ft,babble_0db,babble,0.0,100,2357,0.39372083156554943,0.29910903691132795,0.06618582944420874,0.028425965210012727,1.037759864234196,0.27893355929429886
wav2vec2-large-mct-ft,babble_20db,babble,20.0,100,2357,0.027153160797624098,0.021637675010606705,0.002545608824777259,0.002969876962240136,0.9995757318625371,0.01376792359119288
wav2vec2-large-mct-ft,cellphone_in_crowd_-5db,cellphone_in_crowd,-5.0,100,2357,1.0899448451421299,0.910479422995333,0.14128128977513787,0.03818413237165889,1.103097157403479,0.8141910321996504
wav2vec2-large-mct-ft,clean,clean,,100,2357,0.02588035638523547,0.02078913873568095,0.0021213406873143827,0.002969876962240136,0.9991514637250742,0.010016455691198727
wav2vec2-large-mct-ft,codec_opus_6k,codec_opus_6k,,100,2357,0.04327535002121341,0.034789987271955876,0.004242681374628765,0.004242681374628765,1.0,0.02497680139655225
wav2vec2-large-mct-ft,far_field_surveillance_-5db,far_field_surveillance,-5.0,100,2357,1.0708527789563005,0.872719558761137,0.14806957997454392,0.05006364022061943,1.0980059397539246,0.7986199352217562
wav2vec2-large-mct-ft,noise_-10db,noise,-10.0,100,2357,0.3899024183283835,0.31268561731014,0.03691132795927026,0.04030547305897327,0.996605854900297,0.2749907587177651
wav2vec2-large-mct-ft,noise_-5db,noise,-5.0,100,2357,0.2189223589308443,0.17861688587187102,0.019940602460755196,0.020364870598218072,0.9995757318625371,0.14659286187053538
wav2vec2-large-mct-ft,noise_0db,noise,0.0,100,2357,0.09800593975392448,0.08230801866779805,0.0067882901994060245,0.008909630886720407,0.9978786593126856,0.055440285275765167
wav2vec2-large-mct-ft,noise_20db,noise,20.0,100,2357,0.025031820110309716,0.020364870598218072,0.0021213406873143827,0.002545608824777259,0.9995757318625371,0.012194137342370803
wav2vec2-large-mct-ft,packet_loss_30pct,packet_loss_30pct,,100,2357,0.03266864658464149,0.02588035638523547,0.002545608824777259,0.004242681374628765,0.9983029274501485,0.015199504839480394
wav2vec2-large-mct-ft,reverb,reverb,,100,2357,0.03691132795927026,0.030547305897327112,0.002545608824777259,0.003818413237165889,0.9987271955876114,0.017953702279522806
wav2vec2-large-mct-ft,telephone,telephone,,100,2357,0.02672889266016122,0.021637675010606705,0.0021213406873143827,0.002969876962240136,0.9991514637250742,0.010556667766650601
wav2vec2-large-mct-ft,walkie_talkie_0db,walkie_talkie,0.0,100,2357,0.12600763682647434,0.10267288926601613,0.014849384811200678,0.00848536274925753,1.0063640220619432,0.08500863449975794
whisper-small,babble_-10db,babble,-10.0,100,2357,1.3317776834959694,0.353839626644039,0.37887144675434875,0.5990666100975817,0.779804836656767,1.019494744081957
whisper-small,babble_-5db,babble,-5.0,100,2357,1.9270258803563853,0.38820534577853205,1.1798896902842597,0.35893084429359357,1.820958845990666,1.332385344705889
whisper-small,babble_0db,babble,0.0,100,2357,0.26728892660161224,0.18116249469664827,0.05388205345778532,0.03224437844717862,1.0216376750106066,0.18738602810879607
whisper-small,babble_20db,babble,20.0,100,2357,0.02460755197284684,0.01824352991090369,0.0033941450997030122,0.002969876962240136,1.0004242681374629,0.01681864519544927
whisper-small,cellphone_in_crowd_-5db,cellphone_in_crowd,-5.0,100,2357,1.7870173949936359,0.25540941875265166,0.8285956724649979,0.7030123037759864,1.1255833686890115,2.623086248920937
whisper-small,clean,clean,,100,2357,0.022486211285532458,0.01612218922358931,0.0033941450997030122,0.002969876962240136,1.0004242681374629,0.01520718305100164
whisper-small,codec_opus_6k,codec_opus_6k,,100,2357,0.03860840050912177,0.029698769622401356,0.003818413237165889,0.005091217649554518,0.9987271955876114,0.02637975200740533
whisper-small,far_field_surveillance_-5db,far_field_surveillance,-5.0,100,2357,1.6809503606279168,0.37887144675434875,0.7543487484089945,0.5477301654645736,1.206618582944421,1.1098542611149604
whisper-small,noise_-10db,noise,-10.0,100,2357,0.29741196436147643,0.175222740772168,0.04327535002121341,0.07891387356809504,0.9643614764531183,0.22326238262611892
whisper-small,noise_-5db,noise,-5.0,100,2357,0.12897751378871447,0.09461179465422147,0.02333474756045821,0.01103097157403479,1.0123037759864235,0.07967719291345053
whisper-small,noise_0db,noise,0.0,100,2357,0.050487908358082305,0.037335596096733134,0.0067882901994060245,0.006364022061943148,1.0004242681374629,0.03028904636751524
whisper-small,noise_20db,noise,20.0,100,2357,0.022910479422995334,0.01697072549851506,0.002969876962240136,0.002969876962240136,1.0,0.013175894797202763
whisper-small,packet_loss_30pct,packet_loss_30pct,,100,2357,0.040729741196436145,0.02927450148493848,0.005515485787017395,0.005939753924480272,0.9995757318625371,0.018635928390266492
whisper-small,reverb,reverb,,100,2357,0.030123037759864236,0.021637675010606705,0.004242681374628765,0.004242681374628765,1.0,0.017355125416030216
whisper-small,telephone,telephone,,100,2357,0.023759015697921087,0.017394993635977938,0.0033941450997030122,0.002969876962240136,1.0004242681374629,0.01568639899888343
whisper-small,walkie_talkie_0db,walkie_talkie,0.0,100,2357,0.08188375053033517,0.06448875689435724,0.010606703436571913,0.0067882901994060245,1.003818413237166,0.040037596251281435
whisper-small-clean-ft,babble_-10db,babble,-10.0,100,2357,2.6788290199406024,0.501909206618583,1.7301654645736104,0.44675434874840897,2.2834111158252015,2.084343362895419
whisper-small-clean-ft,babble_-5db,babble,-5.0,100,2357,1.4336020364870599,0.5413661434026305,0.6644039032668646,0.2278319898175647,1.4365719134493,0.9761157383937367
whisper-small-clean-ft,babble_0db,babble,0.0,100,2357,0.33305048790835806,0.2443784471786169,0.05260924904539669,0.03606279168434451,1.016546457361052,0.20290887289620343
whisper-small-clean-ft,babble_20db,babble,20.0,100,2357,0.048366567670767927,0.03860840050912177,0.004666949512091642,0.005091217649554518,0.9995757318625371,0.022739422306989505
whisper-small-clean-ft,cellphone_in_crowd_-5db,cellphone_in_crowd,-5.0,100,2357,2.5761561306745864,0.3512940178192618,1.6164616037335595,0.6084005091217649,2.0080610946117945,2.4535016119989437
whisper-small-clean-ft,clean,clean,,100,2357,0.04582095884599067,0.037335596096733134,0.0033941450997030122,0.005091217649554518,0.9983029274501485,0.02220983305514772
whisper-small-clean-ft,codec_opus_6k,codec_opus_6k,,100,2357,0.07467119219346627,0.06279168434450573,0.004242681374628765,0.007636826474331778,0.996605854900297,0.042646749193405144
whisper-small-clean-ft,far_field_surveillance_-5db,far_field_surveillance,-5.0,100,2357,2.016970725498515,0.47093763258379295,1.096308867204073,0.44972422571064913,1.6465846414934238,1.6302672270369845
whisper-small-clean-ft,noise_-10db,noise,-10.0,100,2357,0.44633008061094614,0.2206194314806958,0.1607976240984302,0.06491302503182012,1.0958845990666102,0.33263622500685436
whisper-small-clean-ft,noise_-5db,noise,-5.0,100,2357,0.17225286380992788,0.13788714467543486,0.014000848536274925,0.020364870598218072,0.9936359779380568,0.10405121972587898
whisper-small-clean-ft,noise_0db,noise,0.0,100,2357,0.09715740347899873,0.07806533729316928,0.01230377598642342,0.0067882901994060245,1.0055154857870174,0.05366997097636397
whisper-small-clean-ft,noise_20db,noise,20.0,100,2357,0.04794229953330505,0.03903266864658464,0.004242681374628765,0.004666949512091642,0.9995757318625371,0.02210402828340887
whisper-small-clean-ft,packet_loss_30pct,packet_loss_30pct,,100,2357,0.07382265591854052,0.05854900296987696,0.0067882901994060245,0.00848536274925753,0.9983029274501485,0.030178360205857496
whisper-small-clean-ft,reverb,reverb,,100,2357,0.05854900296987696,0.04794229953330505,0.005515485787017395,0.005091217649554518,1.0004242681374629,0.0303481738545098
whisper-small-clean-ft,telephone,telephone,,100,2357,0.04539669070852779,0.037335596096733134,0.003818413237165889,0.004242681374628765,0.9995757318625371,0.022044688044628447
whisper-small-clean-ft,walkie_talkie_0db,walkie_talkie,0.0,100,2357,0.1302503182011031,0.10564276622825626,0.011455239711497667,0.013152312261349173,0.9983029274501485,0.06518522870327298
whisper-small-mct-ft,babble_-10db,babble,-10.0,100,2357,1.4764531183708103,0.7759864234196012,0.6593126856173102,0.041154009333899025,1.618158676283411,0.8860169128425635
whisper-small-mct-ft,babble_-5db,babble,-5.0,100,2357,0.5613067458633857,0.41832838353839624,0.10140008485362749,0.0415782774713619,1.0598218073822656,0.37325859910324793
whisper-small-mct-ft,babble_0db,babble,0.0,100,2357,0.19473907509546032,0.14976665252439542,0.026304624522698345,0.018667798048366567,1.0076368264743318,0.1149340505738995
whisper-small-mct-ft,babble_20db,babble,20.0,100,2357,0.04412388629613916,0.037759864234196014,0.0033941450997030122,0.002969876962240136,1.0004242681374629,0.02273988041157777
whisper-small-mct-ft,cellphone_in_crowd_-5db,cellphone_in_crowd,-5.0,100,2357,1.1896478574459057,0.7785320322443785,0.37123462028001697,0.03988120492151039,1.3313534153585065,0.7755517613265619
whisper-small-mct-ft,clean,clean,,100,2357,0.04582095884599067,0.03860840050912177,0.0033941450997030122,0.003818413237165889,0.9995757318625371,0.022309032235192556
whisper-small-mct-ft,codec_opus_6k,codec_opus_6k,,100,2357,0.061094611794654224,0.05345778532032244,0.003818413237165889,0.003818413237165889,1.0,0.034760608410843136
whisper-small-mct-ft,far_field_surveillance_-5db,far_field_surveillance,-5.0,100,2357,0.9533305048790836,0.6190072125583369,0.27959270258803565,0.054730589732711075,1.2248621128553245,0.584958395098058
whisper-small-mct-ft,noise_-10db,noise,-10.0,100,2357,0.33050487908358084,0.2350445481544336,0.07424692405600339,0.021213406873143825,1.0530335171828595,0.21846637192884338
whisper-small-mct-ft,noise_-5db,noise,-5.0,100,2357,0.14849384811200678,0.11879507848960542,0.01824352991090369,0.011455239711497667,1.006788290199406,0.08891276697371987
whisper-small-mct-ft,noise_0db,noise,0.0,100,2357,0.08739923631735257,0.07212558336868902,0.010606703436571913,0.004666949512091642,1.0059397539244803,0.04355679903201333
whisper-small-mct-ft,noise_20db,noise,20.0,100,2357,0.04539669070852779,0.03903266864658464,0.0033941450997030122,0.002969876962240136,1.0004242681374629,0.024054023579447668
whisper-small-mct-ft,packet_loss_30pct,packet_loss_30pct,,100,2357,0.06279168434450573,0.05303351718285957,0.003818413237165889,0.005939753924480272,0.9978786593126856,0.029599306019498926
whisper-small-mct-ft,reverb,reverb,,100,2357,0.05303351718285957,0.044548154433602036,0.005091217649554518,0.0033941450997030122,1.0016970725498515,0.02897577684971109
whisper-small-mct-ft,telephone,telephone,,100,2357,0.04200254560882478,0.035214255409418756,0.003818413237165889,0.002969876962240136,1.0008485362749258,0.02201521313811289
whisper-small-mct-ft,walkie_talkie_0db,walkie_talkie,0.0,100,2357,0.10436996181586763,0.08655070004242682,0.010182435299109036,0.007636826474331778,1.0025456088247773,0.052590413243951535
